au_href,author,coin,danmaku,favorite,href,id,like,rank_num,rank_tab,reply,share,tag_name,title,view
//space.bilibili.com/3493093424761241,栎格格,1748,186,16570,//www.bilibili.com/video/BV1sM411G7oN,528076768,22781,99,游戏,1347,2980,"手机游戏,游戏,崩坏：星穹铁道,星穹铁道,星琼,星穹铁道攻略,崩坏：星穹铁道创作者激励计划,米哈游,崩坏：星穹铁道公测游戏攻略",【星穹铁道】捡到的垃圾不要扔，记得拿来换星琼！,683856
//space.bilibili.com/170116541,好困啊可以睡觉吗,1464,480,10883,//www.bilibili.com/video/BV1eg4y1772S,825406069,64506,100,游戏,415,4126,"手机游戏,原神UP主激励计划,游戏视频,卡维,莱依拉,珐露珊,盛典与慧业,游戏鉴赏家,原神,散兵,原神高能团",学院代表登台，但是你猜不到是谁（生草系列）【原神】,613210
//space.bilibili.com/128641007,うえすぎ绘梨衣,2408,292,3827,//www.bilibili.com/video/BV1Xk4y1774t,740595480,32387,98,游戏,615,2619,"手机游戏,决斗场,火影忍者,分享游戏故事,漂泊佩恩,漂泊浪客六道佩恩,高爆发,动作游戏,火影忍者手游,骚玩法,整点电子榨菜",形态乱切头疼费脑，修罗天道一剑放倒,485643
//space.bilibili.com/1316242405,L0L炒饭大师,1803,122,3273,//www.bilibili.com/video/BV17o4y1t7wD,398072010,46751,97,游戏,279,1860,"英雄联盟,电子竞技,精彩集锦,搞笑,上单",北塔军士长塞恩秘密对南部莎弥拉远征军发起偷袭,839896
//space.bilibili.com/63231,泛式,21142,8431,24201,//www.bilibili.com/video/BV1do4y1b7Gc,397900378,133364,96,游戏,7518,6712,"手机游戏,手游,崩坏：星穹铁道,星穹铁道,仙舟罗浮,姬子,米哈游,三月七,通往群星的轨道",科幻修仙！人均爆星？星穹铁道世界观&剧情设定入门指南！,1576739
//space.bilibili.com/605373,日石rs终极大魔头,19158,1628,6555,//www.bilibili.com/video/BV1Us4y1c7a3,953011054,32224,95,游戏,1024,2334,"桌游棋牌,万物皆可游戏,游戏王,游戏,恐怖,黑暗,童话动物,游戏王 Master Duel,抗珠斗士,rs",黑暗游戏之最黑暗的一集【rs】,287158
//space.bilibili.com/7594110,烽火湛蓝,2956,1295,6854,//www.bilibili.com/video/BV1qs4y1c7xz,952940851,41514,94,游戏,2627,592,"GMV,手机游戏,手游,冒险游戏,游戏,混剪,RPG,二次元,坎公骑冠剑,坎公二创,坎公玩家团激励计划,坎公玩家团激励计划第二十一期,陪伴",“ 是 什 么 在 陪 伴 你 的 每 一 天 ? ”,400061
//space.bilibili.com/189766,karako3,599,646,4299,//www.bilibili.com/video/BV14o4y1L71Z,400512731,25502,93,游戏,3119,6662,"手机游戏,二次元,搞笑,崩坏：星穹铁道,崩坏星穹铁道,崩坏：星穹铁道创作者激励计划",按F之前我真的没想到这是一个长达4分钟的新闻播报,574691
//space.bilibili.com/1691347,大橙橙橙子,1827,404,13862,//www.bilibili.com/video/BV1Zc411K7gb,270584219,32978,92,游戏,510,573,"手机游戏,大橙子,崩坏：星穹铁道,星穹铁道,遗器,崩坏：星穹铁道创作者激励计划,新手,前期,萌新,星铁",星铁萌新一定要知道的34件免费遗器！,244892
//space.bilibili.com/296092268,碎嘴企鹅,1734,603,2171,//www.bilibili.com/video/BV1ws4y1R7aZ,995509365,51476,91,游戏,421,415,"电子竞技,脱口秀,生活,搞笑,娱乐,高能,吐槽,记录,BLG,2023英雄联盟MSI",去趟BLG基地差点回不来……,434182
//space.bilibili.com/6014992,叫我棉被,6270,1219,4213,//www.bilibili.com/video/BV1Zc411K7na,270584668,23200,90,游戏,1893,1309,"手机游戏,崩坏：星穹铁道,角色推荐,平民抽卡,崩铁,崩坏：星穹铁道创作者激励计划,新手入坑,公测,星铁,节奏榜,强度榜",【崩坏 星穹铁道】公测最新角色强度榜！平民抽卡必看 强力角色评测 不走弯路节奏榜！,560873
//space.bilibili.com/282259229,使命召唤刘氓,29053,382,13045,//www.bilibili.com/video/BV1Bs4y1R7ak,995596368,54246,89,游戏,434,820,"实况攻略,手机游戏,转角遇到春天,手游,游戏解说,游戏里的春天,游戏测评,游戏攻略,游戏教学,CODM,使命召唤手游",又一个射速之王诞生！新冲锋枪OTs9系列！能否超越现版本的短剑和SMG5？,358621
//space.bilibili.com/562197,中国BOY超级大猩猩,57343,18046,33535,//www.bilibili.com/video/BV1HT411H7sH,485441514,106779,88,游戏,2082,2135,"恐怖游戏,冒险,实况,恐怖,中国BOY,steam,阿曼达的冒险,阿曼达,整点电子榨菜",阿曼达的冒险完整版！看完所有的恐怖录像我惊呆了！！,1081145
//space.bilibili.com/28266043,附魔星Fms,14262,2128,8087,//www.bilibili.com/video/BV1Zk4y1J7Nd,740508155,34303,87,游戏,935,875,"科幻,FPS,单机游戏,机甲,泰坦陨落,steam,创维全球电视节,创维GLED高音画电视A5D,创维电视,推荐宝藏游戏",「当机甲有了温度」这款单机游戏何以令人着迷·【泰坦陨落2】,322332
//space.bilibili.com/12075114,烦恼死的夏洛,2373,710,5800,//www.bilibili.com/video/BV1gT411h7yq,485621425,17681,86,游戏,3815,17286,"手机游戏,攻略,崩坏：星穹铁道,素裳,崩坏：星穹铁道创作者激励计划,平民,克拉拉,水视频,通往群星的轨道,崩坏：星穹铁道公测游戏攻略",还想着重开吗？0命50级克拉拉跨15级满星15层深渊全程直播保姆级讲解,640060
//space.bilibili.com/450882837,一叮当猫一,36456,1387,6641,//www.bilibili.com/video/BV1tM4y187fc,910515908,36372,85,游戏,442,207,"手机游戏,万物皆可游戏,生存游戏,手游,游戏,搞笑,解说,怀旧,明日之后,枪战",叫我黑猫警长！从零爆爽通关明日之后！#6,234132
//space.bilibili.com/12601234,无知de王,9339,2585,18658,//www.bilibili.com/video/BV1uv4y1J7mZ,570408379,103149,84,游戏,7480,65904,"手机游戏,崩坏：星穹铁道创作者激励计划,逆天,彩蛋,崩坏星穹铁道,速通,文案,姬子,上车",逆天彩蛋！当你拒绝姬子的上车邀请，留在太空站，游戏直接通关了？？？,2839031
//space.bilibili.com/112708024,豆角豆莎,6347,564,8325,//www.bilibili.com/video/BV1Gh411L7E7,228124630,40172,83,游戏,580,6747,"手机游戏,明日方舟,搞笑,愚人号,明日方舟创作者应援计划,明日方舟UP主应援计划 – 惊霆无声",【阴律联撅】 愚   人   嚎,348310
//space.bilibili.com/472733310,小布敢,1559,643,3436,//www.bilibili.com/video/BV1Ps4y1w78p,953024691,45729,82,游戏,612,1296,"搞笑,实况攻略,万物皆可游戏,实况解说,RPG,二次元,娱乐,冒险游戏,搞笑视频,玩家,沙雕",原神…能贪…就离谱！！,574614
//space.bilibili.com/27717502,时雨ioo,3242,1968,2704,//www.bilibili.com/video/BV1qh41177ym,228043871,44741,81,游戏,593,897,"手机游戏,原神UP主激励计划,冒险游戏,二次元,RPG,原神up,深渊,痛苦,up,原神",百万粉原神up的号打深渊也会痛苦！大寄玩的好啊!,533137
//space.bilibili.com/7145647,月爱,8530,2249,2505,//www.bilibili.com/video/BV1c14y1Z7ma,783040084,40910,80,游戏,3652,3006,"王者荣耀,电子竞技,盘点排行,王者荣耀UP主激励计划,戈娅,排行,上分,孙膑,巅峰赛,梯度",【荣耀梯度排行53】你的操作值得敬佩，但我才是版本之子！,456443
//space.bilibili.com/508215481,烂活电竞,6668,4241,2541,//www.bilibili.com/video/BV1uL411e77p,443005591,33614,79,游戏,1063,623,"电子竞技,英雄联盟,游戏赛事,LCK,MSI,LPL,烂活电竞,MOBA,Faker,2023英雄联盟MSI",【火兰盘点09】国际赛事上总能看到，但是却也不了解的陌生人们,612006
//space.bilibili.com/212585998,黄块儿白痴,2866,394,12272,//www.bilibili.com/video/BV1Sg4y177oW,825461038,72887,78,游戏,332,909,"我的世界,实况攻略,单机游戏,万物皆可游戏,原版生存,实况解说,新人,沙盒游戏,Minecraft,我的世界生存,单机联机",🍄你也是蘑菇么？🍄,478019
//space.bilibili.com/1571512136,小奈丸吖,5782,153,73537,//www.bilibili.com/video/BV1b24y1F7XQ,782992955,72718,77,游戏,656,2465,"手机游戏,星穹铁道",星穹铁道前期必拿的三张权限卡！,608327
//space.bilibili.com/250466416,道尔顿丶伊法,9156,604,7993,//www.bilibili.com/video/BV1PV4y1d7dr,868089423,32700,76,游戏,928,2123,"手机游戏,万物皆可游戏,教学,技巧,漂泊,超哥,教程攻略,格斗游戏,火影忍者手游,必剪创作",《伊法》拒绝信息差！全网最易懂！爆肝！漂泊超哥保姆级教学，不存在听不懂！漂泊浪客佩恩六道，漂泊浪客超哥教学，怎么玩？好好看视频吧！,432891
//space.bilibili.com/24215768,牙白得死纳,804,626,3329,//www.bilibili.com/video/BV1ds4y1c7e3,953002238,25684,75,游戏,2284,21682,"星穹铁道,单人,模拟宇宙行家",《星穹铁道》0命克拉拉单人模拟宇宙第四世界,837228
//space.bilibili.com/394861137,Hanserのcece,4678,484,13585,//www.bilibili.com/video/BV1Lo4y1t7yX,398069710,51465,74,游戏,2478,6427,"手机游戏,GMV,CG混剪,混剪,游戏CG,崩坏3,崩坏：星穹铁道创作者激励计划,救世,原神",救世？密码正确，上大号！,663892
//space.bilibili.com/26240675,与山0v0,11191,823,6585,//www.bilibili.com/video/BV1s24y1F7CB,783014114,44885,73,游戏,466,1281,"游戏视频,搞笑,闯关,合作,多人游戏,休闲益智,合作游戏,沙雕,整点电子榨菜",你们是这样玩合作游戏的？？？,397547
//space.bilibili.com/281172076,覆雪之下--,1281,1273,3860,//www.bilibili.com/video/BV1Lh411L7dc,228103754,48755,72,游戏,677,1434,"机械,手机游戏,彩蛋,游戏,崩坏：星穹铁道,丹恒,崩坏：星穹铁道创作者激励计划,开放世界,列车,隐藏成就,整活",救命！怎么会有人把星铁玩成开放世界啊？！,565586
//space.bilibili.com/4878173,泥萌都是托,1402,687,3061,//www.bilibili.com/video/BV1ZT41187uf,485573056,43119,71,游戏,810,3014,"手机游戏,搞笑,BUG,空间站,崩坏：星穹铁道,反物质军团,崩坏：星穹铁道创作者激励计划,穿墙,迫害,整活,通往群星的轨道",小怪：不是说星铁不能跳吗？你哪来的Z轴啊？！,650820
//space.bilibili.com/521686097,LOL二哈,9280,312,5894,//www.bilibili.com/video/BV1Tc411n7Af,270525128,55004,70,游戏,1050,5454,"电子竞技,英雄联盟,暗裔剑魔,LOL,搞笑,魔性,不屈之枪,潘森,AI语音",英雄联盟：那就魔性点？剑魔与潘森嗨起来！,620255
//space.bilibili.com/358181235,光速丶凌风,6951,749,6129,//www.bilibili.com/video/BV1nP411279J,313037864,39659,69,游戏,650,1610,"电子竞技,手机游戏,王者荣耀,娱乐,晓蛇,溜面,造梦西游,火影忍者手游,元气骑士,整活,原神",论20秒可以干什么,546948
//space.bilibili.com/324072946,国家二级飞行员,473,169,3730,//www.bilibili.com/video/BV1xo4y1t7sT,398102232,52195,68,游戏,136,407,"绝地求生,娱乐,FPS,搞笑,阴间玩法,国家二级飞行员,吃鸡,阴间,PUBG,和平精英",阴间玩法3.0-阴风,1240211
//space.bilibili.com/574115689,自由大野猪,12291,751,6858,//www.bilibili.com/video/BV1Ns4y1w7Gu,953031038,35238,67,游戏,3745,3033,"手机游戏,实况攻略,游戏解说,手游,崩坏3,崩坏：星穹铁道,星穹铁道,崩铁,崩坏：星穹铁道创作者激励计划,星琼兑换码,崩坏星穹铁道音乐会,游戏攻略,原神",全体赠送10抽！大伟哥开心坏了！感恩大回馈！别忘了原神和崩坏3！1600星琼和自选五星记得换！【崩坏：星穹铁道】,1136713
//space.bilibili.com/237311595,BBGG丶狮子喵,1942,456,994,//www.bilibili.com/video/BV17V4y1d769,868095701,59256,66,游戏,593,128,"英雄联盟,电子竞技,MOBA,狮子狗,lol,2023英雄联盟MSI",真*有人两把游戏战绩差距这么大？,599265
//space.bilibili.com/4831263,黑猫大少爷,8915,2808,4873,//www.bilibili.com/video/BV1hL411h7ew,443044751,53364,65,游戏,505,357,"我的世界,桌游,MC,全程高能,单机游戏,MINECRAFT,沙雕,谁是卧底,我的世界还能这样玩,打卡挑战",“这个东西，我很喜欢吃。”,448778
//space.bilibili.com/53086656,Q宝喵酱,870,226,16429,//www.bilibili.com/video/BV1h24y1F7Qo,783001640,3321,64,游戏,105,30,"手机游戏,#蛋仔派对,#蛋仔派对地图推荐,红小豆,蛋仔,蛋仔派对,万物皆可蛋仔,上B站，一起玩蛋仔！",大家快跑啊！红小豆的胃酸要把我们全都消化掉啦！（关于我在蛋仔派对体验应用商城那件事）,756861
//space.bilibili.com/1340107883,死神VS火影吧,9765,492,10626,//www.bilibili.com/video/BV1V14y1Z7zV,783106694,27495,63,游戏,1397,4715,"童年回忆杀,童年,死神VS火影,单机游戏,4399,火影忍者,童年游戏,怀旧游戏,格斗游戏,BVN",【死神VS火影官方】全新大版本3.8.0!强力角色新登场?!,485355
//space.bilibili.com/1910020454,谁不重要i,36060,2027,6448,//www.bilibili.com/video/BV1ta4y157mP,655605607,40517,62,游戏,453,298,"童年回忆杀,实况攻略,万物皆可游戏,造梦西游4,搞笑,4399,小游戏,游戏解说,造梦西游,造梦西游3,游戏鉴赏家",【up接力造梦】爆冲100W战力！拿下神域！,344020
//space.bilibili.com/1837617,薄海纸鱼,12089,10538,8300,//www.bilibili.com/video/BV1Lc411T7Zo,270607344,42410,61,游戏,1129,617,"恐怖游戏,独立游戏,单机游戏,冒险家阿曼达,Amanda the Adventure,阿曼达的冒险,薄海纸鱼,整点电子榨菜",藏在卡带里的录像，阿曼达的秘密远不止这些！全结局+两个隐藏结局+六个隐藏卡带,441765
//space.bilibili.com/730732,瓶子君152,9012,1184,5498,//www.bilibili.com/video/BV1FT411h7wM,485583175,52258,60,游戏,1264,3022,"明日方舟,手机游戏,二次元,策略游戏,明日方舟嘉年华,塔防",全网首探！包工头瓶子带你揭秘明日方舟嘉年华！,442689
//space.bilibili.com/312760509,名字就叫大梦一场,5279,573,5366,//www.bilibili.com/video/BV1Xk4y177iE,740593951,63856,59,游戏,676,2489,"手机游戏,原神UP主激励计划,刻晴,原神",刻晴:伤害这么高真是抱歉！,492456
//space.bilibili.com/423895,怕上火暴王老菊,21454,4795,7223,//www.bilibili.com/video/BV1oX4y1m7Wt,355623958,32311,58,游戏,1708,1895,"饥荒联机版,饥荒,饥荒十周年,klei,整点电子榨菜",王老菊教你徒手抓兔,491578
//space.bilibili.com/7450650,超果果mc,13193,832,17774,//www.bilibili.com/video/BV1rV4y1R7YT,868008068,58031,57,游戏,621,342,"娱乐,超果果,搞笑,单机游戏,Big Ambitions,做生意,同行,雄心壮志,整点电子榨菜",身无分文！挑战赚到一个亿！！ 帮同行做生意！！！#3,600516
//space.bilibili.com/470840543,LOL楠神李青,1922,387,1654,//www.bilibili.com/video/BV1LV4y1d7ai,868118846,56491,56,游戏,591,1400,"电子竞技,英雄联盟,游戏集锦,万物皆可游戏,第一视角,精彩集锦",无限火力的神（7天限时回归）,817551
//space.bilibili.com/390527713,史蒂猪StevenPig,16545,4468,9317,//www.bilibili.com/video/BV15c411T7xs,270603833,43976,55,游戏,509,307,"我的世界,万物皆可游戏,沙盒游戏,MC,娱乐,搞笑,单机游戏,Minecraft,史蒂猪,沙雕",【超难】踩到方块就会死掉的生存！如何通关？,460096
//space.bilibili.com/104496726,Windy枫本体,1200,276,11643,//www.bilibili.com/video/BV18h41177Za,228051888,65767,54,游戏,283,137,"我的世界,MC,我的世界动画,整点电子榨菜",《史 变》,743937
//space.bilibili.com/508103429,帕姆的收藏夹,9385,4059,16709,//www.bilibili.com/video/BV19m4y1y7tF,697958077,194313,53,游戏,4459,13256,"手机游戏,游戏,崩坏：星穹铁道,米哈游,miHOYO,通往群星的轨道",来自大伟哥的通讯：「星海之旅，感谢同行」,1252811
//space.bilibili.com/2128970763,星穹下的律音,11317,247,14978,//www.bilibili.com/video/BV13h4y1H7nu,613091710,43246,52,游戏,1123,3207,"手机游戏,崩坏：星穹铁道,星穹铁道,崩坏：星穹铁道创作者激励计划,白露,米哈游",《崩坏：星穹铁道》白露原创曲「攻下全宇宙」,367381
//space.bilibili.com/282067352,小仙燃起来了,1837,427,5576,//www.bilibili.com/video/BV1fh4y1n7A4,613083383,61193,51,游戏,187,1822,"电子竞技,王者荣耀,手机游戏,娱乐,下饭,精彩集锦,搞笑,101俱乐部,高燃,天秀,我在王者秀操作",这操作放眼整个王者都是非常炸裂的！！！,799408
//space.bilibili.com/22352826,棠棣Tendy,4901,2434,60498,//www.bilibili.com/video/BV1Ss4y197xe,995435856,17979,50,游戏,101,148,"实况攻略,万物皆可游戏,游戏实况,实况解说,steam,全网首通,冒险家阿曼达,棠棣Tendy,阿曼达,恐怖游戏视频,教程攻略",正式版全结局收录(含隐藏结局)！我终于逃出了阿曼达的魔爪！,1210720
//space.bilibili.com/1724598,森纳映画,9042,2189,8359,//www.bilibili.com/video/BV1Eh411L7qC,228111049,46389,49,游戏,1016,790,"STEAM,渔帆暗涌,乔伊,游戏推荐,DREDGE,森纳映画,游戏不止,推荐宝藏游戏",深海之下，多少怪物正虎视眈眈！〖游戏不止〗,580463
//space.bilibili.com/75,丸子,6647,998,6280,//www.bilibili.com/video/BV1t24y1F7gz,783022269,33887,48,游戏,3302,5014,"手机游戏,丸子,崩坏：星穹铁道,星穹铁道,崩坏：星穹铁道创作者激励计划,游戏攻略,节奏榜,角色改动,强度榜,角色强度",【星穹铁道】开服三天 四天前的T0都怎么样了？公测全角色强度节奏榜一览,1045997
//space.bilibili.com/88160614,困困君丶,3779,393,2485,//www.bilibili.com/video/BV1E14y1Z75P,783091267,63625,47,游戏,507,1472,"电子竞技,英雄联盟,LOL,第一视角,精彩集锦,上单,操作,无双剑姬,青钢影,2023英雄联盟MSI",我的剑姬是垃圾，可我的利刃华尔兹从来都不是....,1010190
//space.bilibili.com/49246269,大象放映室,17673,4167,8858,//www.bilibili.com/video/BV1JM4y187fE,910484939,39289,46,游戏,2229,2759,"电子竞技,人文,游戏资讯,万物皆可游戏,游戏杂谈,纪实,电竞,李晓峰,人物故事,大象放映室",从网瘾少年到世界冠军，中国电竞第一人之路【寻找·李晓峰】,565256
//space.bilibili.com/20669779,敲萌豹风党,2117,852,19411,//www.bilibili.com/video/BV1vs4y1R7sj,995616683,53446,45,游戏,294,4412,"我的世界,万物皆可游戏,单机游戏,游戏,搞笑,沙盒游戏,MC,娱乐,Minecraft,mc动画",开挂的一生,760156
//space.bilibili.com/353285789,Re酒歌,212194,613,49953,//www.bilibili.com/video/BV1Lo4y1L7CW,400475140,174443,44,游戏,5595,3858,"手机游戏,布洛妮娅,星穹铁道,星琼,遗器,星穹铁道强度,崩坏：星穹铁道创作者激励计划,白露,姬子,希儿,光锥",【星穹铁道】最新免费星琼！开服后新增，1620星琼千万别忘了领,2589153
//space.bilibili.com/94395002,午觉已到,35536,446,20502,//www.bilibili.com/video/BV1QX4y1B7ED,355423870,57710,43,游戏,1474,673,"手机游戏,崩坏：星穹铁道,星穹铁道,星琼,开服福利,崩坏：星穹铁道创作者激励计划,游戏攻略,萌新入坑,游戏鉴赏家,大神app,公测攻略,崩坏：星穹铁道公测游戏攻略",【星穹铁道】最新免费福利！2020星琼和大月卡！千万别忘了领！,816902
//space.bilibili.com/382580929,电竞浪哥-莽夫,4872,409,9594,//www.bilibili.com/video/BV1bM411G7TU,528081358,106532,42,游戏,694,3655,"王者荣耀,电子竞技,英雄联盟,JOJO,LOL,诺手,典韦,2023英雄联盟MSI",花368找人剪的视频，大家帮我看看值不值,991287
//space.bilibili.com/384136794,坎公骑冠剑,26654,1615,28149,//www.bilibili.com/video/BV1yL411Y74i,442954200,109244,41,游戏,2276,4759,"手机游戏,游戏,卡农,坎公骑冠剑,坎特伯雷公主与骑士唤醒冠军之剑的奇幻冒险,坎农,坎公二周年,周年庆,所有的相遇都是久别重逢",一首《坎农》，致所有的相遇与重逢,1231297
//space.bilibili.com/1767542,笨尼尼子,10246,6165,19907,//www.bilibili.com/video/BV13V4y1d7u4,868108427,24877,40,游戏,861,2057,"独立游戏,实况攻略,恐怖游戏,单机游戏,恐怖,惊悚,游戏实况,残秽的我们,残秽的我们2,整点电子榨菜",中式恐怖细思极恐！《残秽的我们2》民俗知识解读|全结局实况,567166
//space.bilibili.com/2858889,一树树,6208,822,17292,//www.bilibili.com/video/BV1sm4y1179n,698027655,22082,39,游戏,3436,9280,"手机游戏,攻略,星穹铁道,崩坏：星穹铁道创作者激励计划,三月七单推人,通用,逃课,零氪,第五世界",【星穹铁道】第五世界究极逃课！平民，零氪，零抽卡适用，无任何要求。,740237
//space.bilibili.com/3493275178633388,蹩脚小丑team,4980,443,11533,//www.bilibili.com/video/BV1QL411h7oa,443115494,122632,38,游戏,332,405,"我的世界,原神UP主激励计划,沙盒游戏,建筑,沙雕,还原,像素风,shorts,原神,派蒙",我们用了4999.99个方块在我的世界中还原出了派蒙,1119446
//space.bilibili.com/7349,STN工作室,29222,7792,9597,//www.bilibili.com/video/BV1VT411h74z,485595429,53950,37,游戏,904,1211,"单机游戏,SE,抽卡,索尼,极速骑行4,墨影侠踪,怪物猎人Now,地平线,街头霸王6,第七史诗",【STN快报第七季14】日本比美国包容！黑人街头打人，白人使劲鼓掌,538596
//space.bilibili.com/470839152,图图图酱吖,4165,774,41739,//www.bilibili.com/video/BV1rP411U74X,312967828,113919,36,游戏,476,2877,"我的世界,万物皆可游戏,单机游戏,沙盒游戏,MC,Minecraft,图酱",我知道阁下的胆子很大，但假如遇上我这几款装置呢？,1776332
//space.bilibili.com/23618219,问肯局长是不是基,4445,133,32456,//www.bilibili.com/video/BV1CP41127cd,313107067,30407,35,游戏,1375,5369,"MMD.3D,手机游戏,二次元,MMD",【星穹铁道】新头像“通缉令”获取方式，成为好友列表最靓的仔,637177
//space.bilibili.com/205890073,老公爵啊,547,2798,10828,//www.bilibili.com/video/BV1Vz4y1Y75g,570542609,70520,34,游戏,3232,7336,"电子竞技,王者荣耀,王者荣耀UP主激励计划,爆料,亚连,荣耀萤火计划",王者超标新英雄，强度远超姬小满,1894962
//space.bilibili.com/514161269,狂想国的废储,3276,501,28021,//www.bilibili.com/video/BV1vg4y1L7cJ,825573814,29737,33,游戏,1257,7567,"机械,剧情,二次元,崩坏,崩坏：星穹铁道,星穹铁道,崩坏：星穹铁道创作者激励计划,铁道,星穹,成就,隐藏成就,崩坏：星穹铁道公测游戏攻略",【崩坏：星穹铁道】彩蛋里的隐藏成就加头像,639356
//space.bilibili.com/67175339,木歌总攻大人,7572,8170,21321,//www.bilibili.com/video/BV1N14y1Z7s2,783085290,29038,32,游戏,892,1974,"实况攻略,恐怖游戏,独立游戏,单机游戏,国产游戏,实况解说,残秽的我们,残秽的我们第二章,国产恐怖,普渡慈航,中式恐怖",【中式恐怖】 当阴间菩萨出现的时候，我的SAN值直接被清空了！《残秽的我们第二章》普渡慈航 正式版 完整实况流程。,786356
//space.bilibili.com/7514413,小强凌凌柒,9312,524,19902,//www.bilibili.com/video/BV1ss4y1R766,995583838,106984,31,游戏,1735,19938,"机械,手机游戏,二次元,抽卡,策略游戏,星穹铁道,崩坏：星穹铁道创作者激励计划,铁道,星穹",【星穹铁道】抽卡时列车脱轨实录,1630763
//space.bilibili.com/680447,马里奥红叔,23921,5111,10748,//www.bilibili.com/video/BV1zh4y1n73H,613015696,71442,30,游戏,697,758,"我的世界,沙盒游戏,单机游戏,MINECRAFT,全程高能,MC,海龟汤,沙雕,我的世界还能这样玩,打卡挑战",“你信我！她真的只是我的好兄弟！！”,487580
//space.bilibili.com/431073645,你的影月月,19879,4824,16085,//www.bilibili.com/video/BV1sz4y1Y7mP,570577483,30352,29,游戏,1789,1798,"手机游戏,魔方,崩坏：星穹铁道,星穹铁道,宝箱全收集,崩坏：星穹铁道创作者激励计划,星穹开拓团,巡镝,游戏攻略,战利品,游戏鉴赏家,崩坏：星穹铁道公测游戏攻略",【星穹铁道宝箱全收集】仙舟罗浮/魔方/战利品/解密/次元扑满/巡镝/全网最贴心的星穹铁道宝箱攻略,847824
//space.bilibili.com/2314623,超级funky橙子,18686,605,9157,//www.bilibili.com/video/BV1sh4y1n7Mm,612941669,62063,28,游戏,313,264,"独立游戏,单机游戏,游戏,分享游戏故事,怀旧游戏,游戏鉴赏家,整点电子榨菜",30年前恶人当主角的游戏？其中隐藏了4种不同的结局！,782004
//space.bilibili.com/284951100,潮流小羊羊,4440,285,16341,//www.bilibili.com/video/BV1TM411G7gX,528012552,114341,27,游戏,622,19034,"电子竞技,英雄联盟,万物皆可游戏,MOBA",差点就饿昏过去了,1450777
//space.bilibili.com/262503053,佐悠-Leisurely,8924,594,4449,//www.bilibili.com/video/BV1Hz4y1Y7LP,570539205,82003,26,游戏,449,492,"王者荣耀,电子竞技,王者荣耀UP主激励计划,搞笑,娱乐,项羽,轻教学,对抗路",抱歉！刚见面就得说再见！！！,1046432
//space.bilibili.com/19525533,KL_qiqi_,9523,2589,7814,//www.bilibili.com/video/BV1Lg4y1L7Pv,825514149,78125,25,游戏,565,850,"我的世界,MC,搞笑,娱乐,集锦,Minecraft,白给,整点电子榨菜",啊？9.0,852235
//space.bilibili.com/41955952,美男子Ro,2226,740,40867,//www.bilibili.com/video/BV1yT41187LH,485502884,11714,24,游戏,53,34,"恐怖游戏,实况攻略,独立游戏,单机游戏,实况解说,游戏实况,冒险家阿曼达,游戏攻略,游戏鉴赏家,整点电子榨菜",怪物结局！冒险家阿曼达正式版更新！这就是阿曼达的真实面目？,973138
//space.bilibili.com/168598,逍遥散人,21401,8955,13188,//www.bilibili.com/video/BV1wh411L7X6,228090862,55771,23,游戏,1925,1797,"实况攻略,搞笑,逍遥散人,恐怖,散人,游戏实况,国产,解谜,阴阳锅,整点电子榨菜",【散人】国产恐怖《阴阳锅2》 鸳鸯锅惊魂（已更新至P3 迷魂）,691479
//space.bilibili.com/700823648,大铁牛Game,5289,2060,10527,//www.bilibili.com/video/BV1ss4y1w7E3,953097332,78141,22,游戏,629,1109,"万物皆可游戏,搞笑,解说,多人联机,硬核,游戏,DAYZ,老外,steam游戏",从零到英雄需要多久？来自老外的纸条诅咒！,985329
//space.bilibili.com/405370021,尴尬的铁根er,2425,1300,2365,//www.bilibili.com/video/BV1Wo4y1w72P,400585289,89715,21,游戏,1026,343,"手机游戏,王者荣耀,电子竞技,王者荣耀UP主激励计划,杨戬,MOBA",杨戬对线程咬金，四级满血即是斩杀线,1749036
//space.bilibili.com/2142762,老戴在此,36684,2785,11024,//www.bilibili.com/video/BV1ia4y1V7tf,655430208,64548,20,游戏,3009,1181,"老戴在此,流程攻略,十周年",老戴在此《十周年特辑》,478857
//space.bilibili.com/12347365,绝伦少年Arway,29188,399,23649,//www.bilibili.com/video/BV1hL411h7uW,443045154,34680,19,游戏,4862,1713,"万物皆可游戏,MOD,上古卷轴,美少女,上古卷轴5,老滚,steam,绝伦少年,开放世界,整合",B站300W播放的整合包！这就是我梦寐以求的世界！,497528
//space.bilibili.com/37809230,星野派克,23740,1799,12800,//www.bilibili.com/video/BV1uP411274Z,313003635,110663,18,游戏,598,2071,"明日方舟,手机游戏,二次元,服装设计,明日方舟创作者应援计划,明日方舟UP主应援计划 – 惊霆无声",真正的服装设计师看《明日方舟》服装的反应第三期！,443252
//space.bilibili.com/1996100850,李稷,6203,358,24336,//www.bilibili.com/video/BV1Sk4y177RH,740619956,120508,17,游戏,419,8763,"手机游戏,原神UP主激励计划,搞笑,原神",【原神】竟能如此相似,1094850
//space.bilibili.com/27717433,原野郎中,24891,4349,12408,//www.bilibili.com/video/BV1Kc411n7D4,270526439,75259,16,游戏,1327,1212,"独立游戏,恐怖游戏,搞笑,原野郎中,沙雕",朋友问我为什么对着恐怖游戏一直笑,670333
//space.bilibili.com/43222001,卡特亚,22480,792,5893,//www.bilibili.com/video/BV19k4y1773F,740600253,72575,15,游戏,5201,3809,"手机游戏,崩坏：星穹铁道,星穹铁道,崩坏星穹铁道,崩坏：星穹铁道创作者激励计划,100W古老梦华,100万古老梦华,卡特亚",【崩坏星穹铁道】100W古老梦华全部抽完之后，我的账号变成了什么样子（朴实无华的崩坏星穹铁道视频,1398009
//space.bilibili.com/38568774,鬼叔黍,13748,4129,7822,//www.bilibili.com/video/BV1pa4y157zt,655621268,123596,14,游戏,2291,7774,"手机游戏,抽卡,氪金,二次元,满命满精,崩坏星穹铁道,角色",公测130万星琼冲击全角色满命满精，这下又再创历史了,1292204
//space.bilibili.com/27500557,梦轩dada,7092,613,28478,//www.bilibili.com/video/BV1wX4y1U76d,355607271,57810,13,游戏,2010,2740,"手机游戏,手游,教学,硬核,崩坏：星穹铁道,星穹铁道,游戏攻略,教程攻略,米哈游,星铁,萌新必看",【崩坏星穹铁道】谁才是平民最强光锥？全角色光锥排行榜！萌新必看的光锥搭配攻略！,792792
//space.bilibili.com/546195,老番茄,14378,2931,9891,//www.bilibili.com/video/BV13V4y1d7Ni,868110250,101543,12,游戏,1696,1956,"手机游戏,老番茄,鸭少,蛋仔派对疯狂乱斗,沙雕,蛋仔派对,蛋仔派对寻找蛋搭子,上B站，一起玩蛋仔！",滚 蛋,885801
//space.bilibili.com/381435385,CSGO大茄子,11984,1282,39016,//www.bilibili.com/video/BV1Kh4y1n7Lr,612910109,235549,11,游戏,1333,5246,"CS:GO,电子竞技,搞笑,狙击,FPS,CS,音乐,勾栏听曲,qiez",勾栏听曲说是,1389746
//space.bilibili.com/477783,黑铱BlackIris,38269,424,42001,//www.bilibili.com/video/BV1Yg4y1L7EE,825539109,68778,10,游戏,2192,8229,"手机游戏,新人,同人曲,崩坏：星穹铁道,星穹铁道,崩铁,崩坏：星穹铁道创作者激励计划,二创,星铁,整活",【星穹铁道】《踏上旅途》太短不够听？让我来扩写！！,715091
//space.bilibili.com/190093869,谢谢我很喜欢丨,1753,545,14214,//www.bilibili.com/video/BV1gP41127ki,313008070,116909,9,游戏,504,835,steam游戏,特殊感染者Boomer背景故事,1318706
//space.bilibili.com/334445736,我真是朱有才,9317,243,103422,//www.bilibili.com/video/BV1dM4y187gp,910567041,51428,8,游戏,512,3936,"王者荣耀,电子竞技,王者荣耀UP主激励计划,搞笑,游戏视频,王者荣耀脏套路,英雄,王者荣耀教学",五一期间可以白拿的6款皮肤：末日机甲和时之恋人可真香！,1125087
//space.bilibili.com/161775300,明日方舟,33423,9575,17050,//www.bilibili.com/video/BV1Zs4y1c7td,953004519,108687,7,游戏,4427,12170,"手机游戏,明日方舟",《明日方舟》限定干员「缪尔赛思」前瞻PV,1042813
//space.bilibili.com/401742377,原神,33085,6510,23837,//www.bilibili.com/video/BV1MT411H7ia,485393982,155575,6,游戏,8752,16448,"手机游戏,卡维,盛典与慧业,米哈游,miHoYo,原神,原神3.6",《原神》角色演示-「卡维：忱挚织穹」,1565695
//space.bilibili.com/1340190821,崩坏星穹铁道,57456,8785,31176,//www.bilibili.com/video/BV1Cg4y1L7fC,825610127,148494,5,游戏,9354,8318,"手机游戏,崩坏：星穹铁道,启程庆典,烟花,米哈游,miHoYo,HOYO-MiX",《崩坏：星穹铁道》启程庆典,1260398
//space.bilibili.com/13239887,LIF帧木得制作组,127292,2110,58873,//www.bilibili.com/video/BV1Vk4y1n74b,740530751,154374,4,游戏,1893,9606,"我的世界,游戏集锦,万物皆可游戏,单机游戏,渲染,别人的世界,MC,建筑,像素风,我的世界建筑","【Minecraft】我们烧了张rtx4090,只为这300秒极致画面",1418616
//space.bilibili.com/10874201,盒子酸奶,19559,2845,56825,//www.bilibili.com/video/BV13c411n7r1,270509603,216118,3,游戏,1295,3369,"恐怖游戏,日常,单机游戏,惊悚,高能,国产游戏,娱乐,搞笑,残秽的我们,B站悬疑季,悬疑游戏解说安利","""挖错了坟，该拜哪尊神啊？！""",2286886
//space.bilibili.com/3913194,高斯Goh,65342,8836,44767,//www.bilibili.com/video/BV1pa4y157G9,655615583,204620,2,游戏,2723,4772,"手机游戏,手游,娱乐,游戏,日常,蛋仔派对疯狂乱斗,沙雕,欢乐,小潮team,蛋仔派对,蛋仔派对寻找蛋搭子,上B站，一起玩蛋仔！",蛋,2391445
//space.bilibili.com/13354765,徐大虾咯,117191,17385,43121,//www.bilibili.com/video/BV19M4y187ww,910557941,206021,1,游戏,3470,7804,"搞笑,森林,生存游戏,steam,沙雕,森林2,森林之子,徐大虾,老坛胡说,徐大虾咯",爷 青 回 ！丢人之旅！【森林之子#1】,1592450
